business_status,formatted_address,geometry,icon,icon_background_color,icon_mask_base_uri,name,opening_hours,photos,place_id,plus_code,price_level,rating,reference,types,user_ratings_total
OPERATIONAL,"1115 E 55th St, Chicago, IL 60615, United States","{'location': {'lat': 41.7948852, 'lng': -87.5989858}, 'viewport': {'northeast': {'lat': 41.79629207989272, 'lng': -87.59762982010729}, 'southwest': {'lat': 41.79359242010727, 'lng': -87.60032947989272}}}",https://maps.gstatic.com/mapfiles/place_api/icons/v1/png_71/cafe-71.png,#FF9E67,https://maps.gstatic.com/mapfiles/place_api/icons/v2/cafe_pinlet,Te'amo Boba Bar,{'open_now': True},"[{'height': 4032, 'html_attributions': ['<a href=""https://maps.google.com/maps/contrib/107548322316470513394"">Emily Shen</a>'], 'photo_reference': 'Aap_uED-Rj3EOAWk4YjvPM0Xyf9SrO5EZxlcw--H0NWQYF1hLuzcJ-KFIcr3PGL4cBoOJLZ07F6n4NdNjjKfjKErqgBsOCfv1ZgLWaFMMys2jhZMK4Oh5eqQ4UdDutiv0SCizkhqYC_3hU2Z_Dd5Rr8uCGwAJ-2E_lTD1McIpk5FCKqR3EDf', 'width': 3024}]",ChIJI20WrWopDogRyK2Rfm8VT6U,"{'compound_code': 'QCV2+XC Chicago, Illinois', 'global_code': '86HJQCV2+XC'}",1,4.3,ChIJI20WrWopDogRyK2Rfm8VT6U,"['cafe', 'food', 'point_of_interest', 'establishment']",204
OPERATIONAL,"333 S State St, Chicago, IL 60604, United States","{'location': {'lat': 41.8773044, 'lng': -87.62742829999999}, 'viewport': {'northeast': {'lat': 41.87865617989272, 'lng': -87.62616217010726}, 'southwest': {'lat': 41.87595652010727, 'lng': -87.62886182989271}}}",https://maps.gstatic.com/mapfiles/place_api/icons/v1/png_71/cafe-71.png,#FF9E67,https://maps.gstatic.com/mapfiles/place_api/icons/v2/cafe_pinlet,Vivi Bubble Tea,{'open_now': True},"[{'height': 3036, 'html_attributions': ['<a href=""https://maps.google.com/maps/contrib/103102981317998590124"">Nguyen Truong</a>'], 'photo_reference': 'Aap_uEDxRgpYjbgQSDlU1EAE8l8ouSrC5h_hzNRSCHjR56H0AzIx47kJiuQlHtZXMlJ9olpoh1BuJ4rvvDADui4zi0W52Q0ybxLc2JBn7-pznMvqG8-0vUa-Ma_ziE-GbaOLeSev0F0jRpzyBZgRCBWp0zNxdVV00yGyJEUF2JiFzqOHOGbP', 'width': 4048}]",ChIJ9y8u56IsDogRKiTQVLc3viY,"{'compound_code': 'V9GF+W2 Chicago, Illinois', 'global_code': '86HJV9GF+W2'}",1,4.4,ChIJ9y8u56IsDogRKiTQVLc3viY,"['cafe', 'food', 'point_of_interest', 'establishment']",573
OPERATIONAL,"2002 S Wentworth Ave b9, Chicago, IL 60616, United States","{'location': {'lat': 41.855147, 'lng': -87.6321463}, 'viewport': {'northeast': {'lat': 41.85634207989272, 'lng': -87.63063902010728}, 'southwest': {'lat': 41.85364242010728, 'lng': -87.63333867989272}}}",https://maps.gstatic.com/mapfiles/place_api/icons/v1/png_71/cafe-71.png,#FF9E67,https://maps.gstatic.com/mapfiles/place_api/icons/v2/cafe_pinlet,岩茶Elitea,{'open_now': True},"[{'height': 3780, 'html_attributions': ['<a href=""https://maps.google.com/maps/contrib/100674631438381777646"">david chen</a>'], 'photo_reference': 'Aap_uEB6S-ySFuHJ48Z2GBLE65gr8b70Qke4owmzJ6XxZjngJdsQS8CtHuNxmNWDDUHQH6HZAEE1o0KqP_r0tug3bOX4gGQIdGLmyL6T4ARiv9ILELjKh6Ha0vhfzDDaCpCJ8MD0tuND-lbm2WxWCUeDWAbXb1FS4YQ14kKVDZ6hSToY2b03', 'width': 3024}]",ChIJ_d91H3QtDogRkaA2YxNazt4,"{'compound_code': 'V949+34 Chicago, Illinois', 'global_code': '86HJV949+34'}",1,4.3,ChIJ_d91H3QtDogRkaA2YxNazt4,"['cafe', 'food', 'point_of_interest', 'establishment']",177
OPERATIONAL,"520 N Michigan Ave Suite 421, Chicago, IL 60611, United States","{'location': {'lat': 41.891623, 'lng': -87.62478209999999}, 'viewport': {'northeast': {'lat': 41.89302107989272, 'lng': -87.62365212010727}, 'southwest': {'lat': 41.89032142010727, 'lng': -87.62635177989272}}}",https://maps.gstatic.com/mapfiles/place_api/icons/v1/png_71/cafe-71.png,#FF9E67,https://maps.gstatic.com/mapfiles/place_api/icons/v2/cafe_pinlet,TE’AMO Boba Bar,{'open_now': True},"[{'height': 3024, 'html_attributions': ['<a href=""https://maps.google.com/maps/contrib/114693266083631237630"">A Google User</a>'], 'photo_reference': 'Aap_uECs9kqt21OkW9OpO0DglFGQePdIIYM4pn-P3R_xFvLCho07eDwHZEfNAAHgF7ZqH_FWfbjAuZJKba7PXKZgxMjtdhs5243__u44TRCdIKQx9KZ2o0gcsxxZFNbWbxN5Sxi89WxNvm7ngL7IXtPdii_ilcwKHP4XqiP77QLUA8c6ahU', 'width': 3024}]",ChIJKa_JFNctDogRk90eP7lo2is,"{'compound_code': 'V9RG+J3 Chicago, Illinois', 'global_code': '86HJV9RG+J3'}",2,4.1,ChIJKa_JFNctDogRk90eP7lo2is,"['bakery', 'grocery_or_supermarket', 'cafe', 'food', 'point_of_interest', 'store', 'establishment']",213
OPERATIONAL,"131 N Clinton St, Chicago, IL 60661, United States","{'location': {'lat': 41.8842718, 'lng': -87.6405659}, 'viewport': {'northeast': {'lat': 41.88552322989272, 'lng': -87.63955712010727}, 'southwest': {'lat': 41.88282357010728, 'lng': -87.64225677989272}}}",https://maps.gstatic.com/mapfiles/place_api/icons/v1/png_71/cafe-71.png,#FF9E67,https://maps.gstatic.com/mapfiles/place_api/icons/v2/cafe_pinlet,B.I.Tea and Dim Sum,{'open_now': False},"[{'height': 3414, 'html_attributions': ['<a href=""https://maps.google.com/maps/contrib/112288944376201921451"">A Google User</a>'], 'photo_reference': 'Aap_uECXcsKBxBy8NxIiUQ7FaytRojafR_JajJiWfuZsUnYLAdurBKgX2EOCslSJbJDn_u0aYW82UOLpFSIHqtuvsukaVVyNlvFw7bnGGzsTlUAy5HW-eFw3EaTX_brEC4hYWcbF63qugjh7ktj5GTvzy5PHIGefwfa6bzn0j83xafVWfzAT', 'width': 1972}]",ChIJqepMS8YsDogREByKy80o0vQ,"{'compound_code': 'V9M5+PQ Chicago, Illinois', 'global_code': '86HJV9M5+PQ'}",1,4.4,ChIJqepMS8YsDogREByKy80o0vQ,"['cafe', 'food', 'point_of_interest', 'establishment']",61
OPERATIONAL,"1311 W Taylor St, Chicago, IL 60607, United States","{'location': {'lat': 41.8691749, 'lng': -87.65974800000001}, 'viewport': {'northeast': {'lat': 41.87062407989272, 'lng': -87.65841402010729}, 'southwest': {'lat': 41.86792442010727, 'lng': -87.66111367989272}}}",https://maps.gstatic.com/mapfiles/place_api/icons/v1/png_71/cafe-71.png,#FF9E67,https://maps.gstatic.com/mapfiles/place_api/icons/v2/cafe_pinlet,Gathers Tea Bar,{'open_now': True},"[{'height': 2624, 'html_attributions': ['<a href=""https://maps.google.com/maps/contrib/112206993297845406008"">A Google User</a>'], 'photo_reference': 'Aap_uEDbBbUtEcibGmkm8xKYtMb42Jy085e5mYTNzpGXZulgU8I8pyTtKDnM5k_hu-1kSEqp0Zih0YLruqUsJ9uL_VnCFiN0nbzS_1YkTqhAq1ciXZTIWB88Y98Lt1POf-KU6sdOVN2VPbcGZDTSSeb_d9_Lc5nTrvv0_FZsPYaSU6OaAIk6', 'width': 3936}]",ChIJTxFP1Q4tDogRud-OWUvjXTM,"{'compound_code': 'V89R+M4 Chicago, Illinois', 'global_code': '86HJV89R+M4'}",4.9,ChIJTxFP1Q4tDogRud-OWUvjXTM,"['cafe', 'food', 'point_of_interest', 'establishment']",85
OPERATIONAL,"1856 S Ashland Ave, Chicago, IL 60608, United States","{'location': {'lat': 41.8560593, 'lng': -87.66644339999999}, 'viewport': {'northeast': {'lat': 41.85736537989272, 'lng': -87.66508272010728}, 'southwest': {'lat': 41.85466572010728, 'lng': -87.66778237989271}}}",https://maps.gstatic.com/mapfiles/place_api/icons/v1/png_71/cafe-71.png,#FF9E67,https://maps.gstatic.com/mapfiles/place_api/icons/v2/cafe_pinlet,Jay's Bubble Tea Cafe,{'open_now': True},"[{'height': 4032, 'html_attributions': ['<a href=""https://maps.google.com/maps/contrib/109175768148059099641"">A Google User</a>'], 'photo_reference': 'Aap_uEDfm8SmK_EW69oIH3gf9YhNc36f2gxVDo_hmZlPP3lt0rV1kquaFGyqbjIu-qQ84YYRzrcUoBtKMg9SUJNFvI3SnNBePTJoBQE-ENSbhhtjI7samtrArGvKbNHPn5oZL5ChWECWg03WPIkh_AgXYW48JdqDL0wSbvvZtiFhxoWoaHUl', 'width': 3024}]",ChIJ03nB0eItDogRX3UGOAkRWPI,"{'compound_code': 'V84M+CC Chicago, Illinois', 'global_code': '86HJV84M+CC'}",5,ChIJ03nB0eItDogRX3UGOAkRWPI,"['cafe', 'food', 'point_of_interest', 'establishment']",17
OPERATIONAL,"1111 W Randolph St, Chicago, IL 60607, United States","{'location': {'lat': 41.8839927, 'lng': -87.6549781}, 'viewport': {'northeast': {'lat': 41.88543742989272, 'lng': -87.65363507010727}, 'southwest': {'lat': 41.88273777010728, 'lng': -87.65633472989272}}}",https://maps.gstatic.com/mapfiles/place_api/icons/v1/png_71/cafe-71.png,#FF9E67,https://maps.gstatic.com/mapfiles/place_api/icons/v2/cafe_pinlet,Eat Me Milk Me Coffee & Tea,{'open_now': True},"[{'height': 4032, 'html_attributions': ['<a href=""https://maps.google.com/maps/contrib/103957270155606654389"">Hazel Domingo</a>'], 'photo_reference': 'Aap_uED94-e1e2FSDgVTr6cB_KcDP6vZ1FQp_E76WG5msoau4v9HlKgps72Qi4XCtEdN8EYmIZU64LgLYCAJoMwfC7l55luUeyoX80bK_SFm7kDKQu9pdoTrqaZNZ_Zb4-ll9ibcmso21_Jvd0vVvdib1WKImiVWqV9IqYhVydUa47-c5Bky', 'width': 3024}]",ChIJq5L6E40tDogRu97QqaktRQw,"{'compound_code': 'V8MW+H2 Chicago, Illinois', 'global_code': '86HJV8MW+H2'}",1,4.6,ChIJq5L6E40tDogRu97QqaktRQw,"['cafe', 'food', 'point_of_interest', 'store', 'establishment']",113
OPERATIONAL,"2105 S Jefferson St unit B, Chicago, IL 60616, United States","{'location': {'lat': 41.8539149, 'lng': -87.6415806}, 'viewport': {'northeast': {'lat': 41.85526172989272, 'lng': -87.64030467010727}, 'southwest': {'lat': 41.85256207010728, 'lng': -87.64300432989272}}}",https://maps.gstatic.com/mapfiles/place_api/icons/v1/png_71/cafe-71.png,#FF9E67,https://maps.gstatic.com/mapfiles/place_api/icons/v2/cafe_pinlet,Pure Tea,{'open_now': True},"[{'height': 2880, 'html_attributions': ['<a href=""https://maps.google.com/maps/contrib/111541538149652882839"">choifan Wong</a>'], 'photo_reference': 'Aap_uECEpwdFhmr0ITqR4cnTnJFIo6VhFcLiTi8XM_1z-hQi-iVdm3fPK2wtQXk-JpU98-gdChSw37YtYf7dsFChSu1U6KesldeVulNL0191uG1hE3KAe6yASS6gSFOPBXu1T9E32NmGcO39H2BBnU9HqyXRlVBS7SOSIRguVeASk5zcZTE4', 'width': 2160}]",ChIJ_xn48OEtDogRs0Bu0Rd99ww,"{'compound_code': 'V935+H9 Chicago, Illinois', 'global_code': '86HJV935+H9'}",1,4.6,ChIJ_xn48OEtDogRs0Bu0Rd99ww,"['cafe', 'food', 'point_of_interest', 'establishment']",14
OPERATIONAL,"2126B S Archer Ave, Chicago, IL 60616, United States","{'location': {'lat': 41.8542969, 'lng': -87.6329056}, 'viewport': {'northeast': {'lat': 41.85556252989272, 'lng': -87.63144777010727}, 'southwest': {'lat': 41.85286287010727, 'lng': -87.63414742989272}}}",https://maps.gstatic.com/mapfiles/place_api/icons/v1/png_71/cafe-71.png,#FF9E67,https://maps.gstatic.com/mapfiles/place_api/icons/v2/cafe_pinlet,Kung Fu Tea,{'open_now': True},"[{'height': 3024, 'html_attributions': ['<a href=""https://maps.google.com/maps/contrib/118087306438593055452"">dnshift1</a>'], 'photo_reference': 'Aap_uEBrCNnQZsN_WCFNlyTP-bHrzNj-FybHjD2Yzw4e8EpqfuQ-I2VOL9jEfyELqW_gVOTSeVaZahH9oeMEnSgKZmtkaNRvZaPJD8rLcXg-UBQZNiHEWepMqmouGLPV0qInsaH3oxixttvN7EMo15g4nE5pEBHHdesugSaBs6Js-BYlH3B6', 'width': 4032}]",ChIJzUvCKWIsDogRguKCRE6A1gw,"{'compound_code': 'V938+PR Chicago, Illinois', 'global_code': '86HJV938+PR'}",1,4.4,ChIJzUvCKWIsDogRguKCRE6A1gw,"['cafe', 'restaurant', 'food', 'point_of_interest', 'establishment']",1014
OPERATIONAL,"2169 A S China Pl, Chicago, IL 60616, United States","{'location': {'lat': 41.8535202, 'lng': -87.63500289999999}, 'viewport': {'northeast': {'lat': 41.85487002989272, 'lng': -87.63365307010727}, 'southwest': {'lat': 41.85217037010728, 'lng': -87.63635272989272}}}",https://maps.gstatic.com/mapfiles/place_api/icons/v1/png_71/cafe-71.png,#FF9E67,https://maps.gstatic.com/mapfiles/place_api/icons/v2/cafe_pinlet,Te'amo Boba Bar,{'open_now': True},"[{'height': 3024, 'html_attributions': ['<a href=""https://maps.google.com/maps/contrib/104783531476249670559"">A Google User</a>'], 'photo_reference': 'Aap_uED5lOdlu-VpImbNpSKpjSuskrOsXCj2gB6-4I1_vhOASTr8J9kSW5m4qqzOkMxdb8H0Q1kpaUw2bYMW3KvVxSENhvx6SA3FhoJBU1BUqcszr5PFJjldAN3QclW8oOiKCNn2a_CpiqERFMBbunlrIMLjyO-D0Ws6xsTmfTm60fREW_cr', 'width': 4032}]",ChIJs-YprRotDogRrRnq1CcgzTw,"{'compound_code': 'V937+CX Chicago, Illinois', 'global_code': '86HJV937+CX'}",4.5,ChIJs-YprRotDogRrRnq1CcgzTw,"['bakery', 'cafe', 'food', 'point_of_interest', 'store', 'establishment']",110
OPERATIONAL,"5002 N Broadway, Chicago, IL 60640, United States","{'location': {'lat': 41.9728491, 'lng': -87.659955}, 'viewport': {'northeast': {'lat': 41.97419837989272, 'lng': -87.65852127010729}, 'southwest': {'lat': 41.97149872010728, 'lng': -87.66122092989272}}}",https://maps.gstatic.com/mapfiles/place_api/icons/v1/png_71/cafe-71.png,#FF9E67,https://maps.gstatic.com/mapfiles/place_api/icons/v2/cafe_pinlet,TAO TEA,{'open_now': True},"[{'height': 4032, 'html_attributions': ['<a href=""https://maps.google.com/maps/contrib/115446181309243298923"">Blessie Isip</a>'], 'photo_reference': 'Aap_uEDZ3tR1IEmEgStpZjWC_eUPJuJGjA7UY4bk_VomYkKJlwmrAG86DWs9d6WGnOiQaAM9IOa9d1C6gk_KCAaxrvBkYREI46ECFuooAbL-G2tWXKoVlnyCpcYGCaG0YUQt48anRpcHxijqJbjWbbcD86UWn_-MkK8Sl10L50uYE7IyYJKU', 'width': 3024}]",ChIJ8eROb3TTD4gRRhaMWOvMFwE,"{'compound_code': 'X8FR+42 Chicago, Illinois', 'global_code': '86HJX8FR+42'}",2,4.7,ChIJ8eROb3TTD4gRRhaMWOvMFwE,"['cafe', 'food', 'point_of_interest', 'establishment']",154
OPERATIONAL,"1223 W Devon Ave, Chicago, IL 60660, United States","{'location': {'lat': 41.9980351, 'lng': -87.661559}, 'viewport': {'northeast': {'lat': 41.99945262989272, 'lng': -87.66026267010729}, 'southwest': {'lat': 41.99675297010727, 'lng': -87.66296232989274}}}",https://maps.gstatic.com/mapfiles/place_api/icons/v1/png_71/cafe-71.png,#FF9E67,https://maps.gstatic.com/mapfiles/place_api/icons/v2/cafe_pinlet,"TBaar - Bubble Tea, Juice, Smoothies and More!",{'open_now': True},"[{'height': 1079, 'html_attributions': ['<a href=""https://maps.google.com/maps/contrib/116273099476459857994"">A Google User</a>'], 'photo_reference': 'Aap_uEBSsM--qSZ768Cu7csV_RJPqaqglXadKtCnU9neag9AhT90zVCp0YEx-n6D8kEPWlZfOYzv1R291-58bJB-HwutfSG4kKWIHRWsb07peCwsaYg5MCIcIszvAIyAkPnxObiyVaEHkmW0vtgnq0s95pwlJyqmz_rqogRCVaabLJFbznrJ', 'width': 1079}]",ChIJOSrFrr7RD4gR65bydipAWnQ,"{'compound_code': 'X8XQ+69 Chicago, Illinois', 'global_code': '86HJX8XQ+69'}",1,4.6,ChIJOSrFrr7RD4gR65bydipAWnQ,"['meal_delivery', 'cafe', 'food', 'point_of_interest', 'store', 'establishment']",164
OPERATIONAL,"2026 S Clark St unit c, Chicago, IL 60616, United States","{'location': {'lat': 41.8546162, 'lng': -87.6303944}, 'viewport': {'northeast': {'lat': 41.85594157989271, 'lng': -87.62891212010727}, 'southwest': {'lat': 41.85324192010727, 'lng': -87.63161177989272}}}",https://maps.gstatic.com/mapfiles/place_api/icons/v1/png_71/cafe-71.png,#FF9E67,https://maps.gstatic.com/mapfiles/place_api/icons/v2/cafe_pinlet,Hello Jasmine,{'open_now': True},"[{'height': 500, 'html_attributions': ['<a href=""https://maps.google.com/maps/contrib/111950556514466729647"">A Google User</a>'], 'photo_reference': 'Aap_uEBrnyEYCZVK1HBOVn5nS6m8lojI63LziGUnFaNzQG9TVqAO5WCsYiTejtRYAIzCau7XnoaMsL-jnm5kAGnZFlS9hXtkoBfthsSD-NjxsBdpcpdlJGpOfkrXehKKilIf-SDMztumkB59TnG502BIHtcYIRG1BWIMLSDf3u5DMtb9cVf1', 'width': 500}]",ChIJhWJM8_UtDogRxb9RfF0IwKs,"{'compound_code': 'V939+RR Chicago, Illinois', 'global_code': '86HJV939+RR'}",2,4.5,ChIJhWJM8_UtDogRxb9RfF0IwKs,"['meal_takeaway', 'cafe', 'restaurant', 'food', 'point_of_interest', 'establishment']",261
OPERATIONAL,"4925 N Broadway Suite D, Chicago, IL 60640, United States","{'location': {'lat': 41.9722731, 'lng': -87.6595621}, 'viewport': {'northeast': {'lat': 41.97375357989272, 'lng': -87.65802807010728}, 'southwest': {'lat': 41.97105392010727, 'lng': -87.66072772989273}}}",https://maps.gstatic.com/mapfiles/place_api/icons/v1/png_71/cafe-71.png,#FF9E67,https://maps.gstatic.com/mapfiles/place_api/icons/v2/cafe_pinlet,Kung Fu Tea,{'open_now': True},"[{'height': 4032, 'html_attributions': ['<a href=""https://maps.google.com/maps/contrib/113210312934328904939"">Alyssa Stenberg</a>'], 'photo_reference': 'Aap_uEDMrGAjIxzKQpEf63OedZL44aJke3mfe14AOo7RQ-nJcaKllaNc6L-tm3NN3gVcA4R8xjV0sAYb4EqyzHvmKlcEDQykKEuk-MlOLOpMuKUSe4QUNmna6Ynd1-KBS2Rqiah_6EOLb0TqVeUkEfCGmaCulDWR1x6dB-FlUnFKWNT41qto', 'width': 3024}]",ChIJbaJNGCvSD4gR5MrotuKIbXU,"{'compound_code': 'X8CR+W5 Chicago, Illinois', 'global_code': '86HJX8CR+W5'}",1,4.3,ChIJbaJNGCvSD4gR5MrotuKIbXU,"['cafe', 'restaurant', 'food', 'point_of_interest', 'establishment']",266
OPERATIONAL,"108 N Dearborn St, Chicago, IL 60602, United States","{'location': {'lat': 41.8842461, 'lng': -87.6293179}, 'viewport': {'northeast': {'lat': 41.88559462989272, 'lng': -87.62803202010727}, 'southwest': {'lat': 41.88289497010727, 'lng': -87.63073167989272}}}",https://maps.gstatic.com/mapfiles/place_api/icons/v1/png_71/cafe-71.png,#FF9E67,https://maps.gstatic.com/mapfiles/place_api/icons/v2/cafe_pinlet,Tea Monster,{'open_now': False},"[{'height': 3024, 'html_attributions': ['<a href=""https://maps.google.com/maps/contrib/113207373713573253434"">A Google User</a>'], 'photo_reference': 'Aap_uECpOEcVgK3ZS0vf0byZmFEAkF7wrdA7G2CHVdy1PWENjDsCAMuI5k_KWKLOvawwNcQuT5LZ5GFY1debjyHC3YJ_tuHqv1ep4kY7vdXXaWlGi_r4Ow_yV0T1bWpTCqRot4eI9H903zvI0cN1Aa8larJCulXQpXmZ-fdL0PhNVN-XihxQ', 'width': 4032}]",ChIJaW_8r9QtDogRp7aJLcyvOnE,"{'compound_code': 'V9MC+M7 Chicago, Illinois', 'global_code': '86HJV9MC+M7'}",1,5,ChIJaW_8r9QtDogRp7aJLcyvOnE,"['cafe', 'food', 'point_of_interest', 'establishment']",40
OPERATIONAL,"3308 N Western Ave, Chicago, IL 60618, United States","{'location': {'lat': 41.94124100000001, 'lng': -87.688743}, 'viewport': {'northeast': {'lat': 41.94259667989272, 'lng': -87.68732712010728}, 'southwest': {'lat': 41.93989702010727, 'lng': -87.69002677989272}}}",https://maps.gstatic.com/mapfiles/place_api/icons/v1/png_71/cafe-71.png,#FF9E67,https://maps.gstatic.com/mapfiles/place_api/icons/v2/cafe_pinlet,Ten Cafe,{'open_now': True},"[{'height': 2208, 'html_attributions': ['<a href=""https://maps.google.com/maps/contrib/106446037666389679777"">Alice Way</a>'], 'photo_reference': 'Aap_uEA6U-zuteP-2XbRSGUZIl9WZ7vEAGJTKqEHLKtr70cAjbgvqDYHSeeIuylEwJZBTl6FCZwhkhp6G3cQe2HWDnojjCCRA7yT-v825ljFBB35ysJb0evvnwejX9WJQQolPgnKSBA3UJMi8O59nhdKjue6M4hlxnIErHvjsB8a3aMX3QGQ', 'width': 1242}]",ChIJ_6xktK3TD4gR349yN_W7x9w,"{'compound_code': 'W8R6+FG Chicago, Illinois', 'global_code': '86HJW8R6+FG'}",4.8,ChIJ_6xktK3TD4gR349yN_W7x9w,"['cafe', 'restaurant', 'food', 'point_of_interest', 'store', 'establishment']",99
OPERATIONAL,"108 N State St (Pedway, Chicago, IL 60602, United States","{'location': {'lat': 41.8834734, 'lng': -87.6282109}, 'viewport': {'northeast': {'lat': 41.88483522989272, 'lng': -87.62668622010727}, 'southwest': {'lat': 41.88213557010728, 'lng': -87.62938587989272}}}",https://maps.gstatic.com/mapfiles/place_api/icons/v1/png_71/cafe-71.png,#FF9E67,https://maps.gstatic.com/mapfiles/place_api/icons/v2/cafe_pinlet,Mycha,{'open_now': True},"[{'height': 4000, 'html_attributions': ['<a href=""https://maps.google.com/maps/contrib/109516715153819419411"">A Google User</a>'], 'photo_reference': 'Aap_uECQt3-vLw1ZuqHL7atYUUh_RKKSGjIssiPKjER8jYtX5D8-s9D6ZjF0w4LpmCYYBrcbuDuSzjnLIN6xuhGspCHD02L23QDm0d5S0_YoOKq6KwVDi_nq3NnttHdOcNJZH0Sepe0VVcQiU11OJcuiA_TfRCn3inWU-ok8SjehNSHftjBw', 'width': 6000}]",ChIJH0HESGwtDogRLudHGpF0aCU,"{'compound_code': 'V9MC+9P Chicago, Illinois', 'global_code': '86HJV9MC+9P'}",4.4,ChIJH0HESGwtDogRLudHGpF0aCU,"['cafe', 'food', 'point_of_interest', 'establishment']",17
OPERATIONAL,"953 W Webster Ave, Chicago, IL 60614, United States","{'location': {'lat': 41.9215711, 'lng': -87.6530454}, 'viewport': {'northeast': {'lat': 41.92300447989272, 'lng': -87.65171137010726}, 'southwest': {'lat': 41.92030482010727, 'lng': -87.65441102989271}}}",https://maps.gstatic.com/mapfiles/place_api/icons/v1/png_71/cafe-71.png,#FF9E67,https://maps.gstatic.com/mapfiles/place_api/icons/v2/cafe_pinlet,Hello Jasmine-Lincoln Park,{'open_now': True},"[{'height': 600, 'html_attributions': ['<a href=""https://maps.google.com/maps/contrib/106751191240023350184"">A Google User</a>'], 'photo_reference': 'Aap_uECmzZhXVfRht3J02Sv8zPrU_wVEdBoQ0WoRMnVIj6zHt0ug6zrHog7hGGeZYmv0vGclz8YXByovhMeDM06L3pS1b6HtodJ5nt010tl8UaCW900RJGCe3wrGZeiBJt1nb9kNMfwMPebW82cQmLJIJOe0sjbRxJLvDuZEF1QEY9UFpLAr', 'width': 953}]",ChIJDROp-TjTD4gRQ5qxxk59AQk,"{'compound_code': 'W8CW+JQ Chicago, Illinois', 'global_code': '86HJW8CW+JQ'}",2,4.3,ChIJDROp-TjTD4gRQ5qxxk59AQk,"['meal_takeaway', 'cafe', 'restaurant', 'food', 'point_of_interest', 'establishment']",142
OPERATIONAL,"6800 N Sheridan Rd, Chicago, IL 60626, United States","{'location': {'lat': 42.0058967, 'lng': -87.661399}, 'viewport': {'northeast': {'lat': 42.00712662989272, 'lng': -87.65982492010728}, 'southwest': {'lat': 42.00442697010727, 'lng': -87.66252457989272}}}",https://maps.gstatic.com/mapfiles/place_api/icons/v1/png_71/cafe-71.png,#FF9E67,https://maps.gstatic.com/mapfiles/place_api/icons/v2/cafe_pinlet,Tai Chi Bubble Tea - Rogers Park,{'open_now': True},"[{'height': 4032, 'html_attributions': ['<a href=""https://maps.google.com/maps/contrib/108158758963637380729"">Dalton Awde</a>'], 'photo_reference': 'Aap_uEC_a_Mwa1O5MgpbckWaqkpYzBMhaMXa5Vg0pI-rzI_MBIJmoRVSSc8HM7k_bcJrQk79VArHyspWhXjLQvk1VJkSyy-kfQ18LKGuRGthpzfopH-C3HOO5lSZsgzbGbJ9VM1-jKhkOP50Dves6HC4MxBq1-wl5Ffh3HsmP4imZswfowLx', 'width': 3024}]",ChIJ5ehT21rRD4gRYMyP4Bd66Qk,"{'compound_code': '284Q+9C Chicago, Illinois', 'global_code': '86JJ284Q+9C'}",1,4.5,ChIJ5ehT21rRD4gRYMyP4Bd66Qk,"['cafe', 'food', 'point_of_interest', 'establishment']",176
OPERATIONAL,"3139 N Broadway, Chicago, IL 60657, United States","{'location': {'lat': 41.9387908, 'lng': -87.64421139999999}, 'viewport': {'northeast': {'lat': 41.94019312989271, 'lng': -87.64294072010728}, 'southwest': {'lat': 41.93749347010727, 'lng': -87.64564037989273}}}",https://maps.gstatic.com/mapfiles/place_api/icons/v1/png_71/cafe-71.png,#FF9E67,https://maps.gstatic.com/mapfiles/place_api/icons/v2/cafe_pinlet,Tea Ninja,{'open_now': True},"[{'height': 1080, 'html_attributions': ['<a href=""https://maps.google.com/maps/contrib/109524487926678859325"">Andrew Freeman</a>'], 'photo_reference': 'Aap_uEBgiKpJAZd9FL6yoAH_bi_1w3C1GihshTMPiivEyxOOcj_m-wWu4nQoqFNgmZmN8Akn5uxL-xyZcs-YrQK5qE_jVITWQCogTDmN_dW9nU_JEe0qEEzOh_rg8Qb9vMG4EvDYpHcxgyFedD-zGkksWVvahggk41HRix7JyjnDinIMwogg', 'width': 1920}]",ChIJSQ0GnKXTD4gRsnGHb_P-N8o,"{'compound_code': 'W9Q4+G8 Chicago, Illinois', 'global_code': '86HJW9Q4+G8'}",1,4,ChIJSQ0GnKXTD4gRsnGHb_P-N8o,"['cafe', 'food', 'point_of_interest', 'establishment']",117
OPERATIONAL,"1158 W Taylor St, Chicago, IL 60607, United States","{'location': {'lat': 41.8695906, 'lng': -87.6565107}, 'viewport': {'northeast': {'lat': 41.87085762989273, 'lng': -87.65515872010728}, 'southwest': {'lat': 41.86815797010728, 'lng': -87.65785837989273}}}",https://maps.gstatic.com/mapfiles/place_api/icons/v1/png_71/cafe-71.png,#FF9E67,https://maps.gstatic.com/mapfiles/place_api/icons/v2/cafe_pinlet,Tai Chi Bubble Tea,{'open_now': True},"[{'height': 3456, 'html_attributions': ['<a href=""https://maps.google.com/maps/contrib/102173423689892861543"">Kyle</a>'], 'photo_reference': 'Aap_uEBiRCjGHAkSuGl2ITcXIsHNsCRxdnXyg6Y2BXMJ4Vv8NJxI2ZGqm6vL2jk0Ig4Kbe1PTPjJd5js453XI5rIsZYmlqe9NpSFlptK311LIQuA8Atjm2gNlBrqlGk-sapNMmOEg3FFn32fxzW_PF7meJbg7XQPuuCuZLe5nQ0p5wAtyQH2', 'width': 4608}]",ChIJCRU-EjwtDogRVxMBzs1B6iI,"{'compound_code': 'V89V+R9 Chicago, Illinois', 'global_code': '86HJV89V+R9'}",1,4.4,ChIJCRU-EjwtDogRVxMBzs1B6iI,"['cafe', 'restaurant', 'food', 'point_of_interest', 'establishment']",91
OPERATIONAL,"2171 S China Pl #A, Chicago, IL 60616, United States","{'location': {'lat': 41.8535129, 'lng': -87.63515439999999}, 'viewport': {'northeast': {'lat': 41.85486272989273, 'lng': -87.63380457010727}, 'southwest': {'lat': 41.85216307010728, 'lng': -87.63650422989272}}}",https://maps.gstatic.com/mapfiles/place_api/icons/v1/png_71/cafe-71.png,#FF9E67,https://maps.gstatic.com/mapfiles/place_api/icons/v2/cafe_pinlet,Uni Uni 攸攸茶,{'open_now': True},"[{'height': 3024, 'html_attributions': ['<a href=""https://maps.google.com/maps/contrib/118213251858083189937"">A Google User</a>'], 'photo_reference': 'Aap_uEBab0h7t3XHt8w8wvnsWLXwaLJvDf0BqHrAoNKUDqbL-OJmDQvRp2Yz9OsYSSLaji7AYC6dWNadLDIoh5WmPx_gTsLE7fmnbba-0vUxGVIYGVsbdG9cHbkwpJNcMECnrcMSqhRLMbIPR9zXLkZXMs_uL0Thv7yfUMuzsTfrcJGf21Rf', 'width': 4032}]",ChIJk8gA7GstDogR-kKHMjxpctg,"{'compound_code': 'V937+CW Chicago, Illinois', 'global_code': '86HJV937+CW'}",4.6,ChIJk8gA7GstDogR-kKHMjxpctg,"['cafe', 'food', 'point_of_interest', 'establishment']",180
OPERATIONAL,"2234 S Wentworth Ave, Chicago, IL 60616, United States","{'location': {'lat': 41.8518823, 'lng': -87.6321402}, 'viewport': {'northeast': {'lat': 41.85322797989273, 'lng': -87.63072532010727}, 'southwest': {'lat': 41.85052832010728, 'lng': -87.63342497989271}}}",https://maps.gstatic.com/mapfiles/place_api/icons/v1/png_71/cafe-71.png,#FF9E67,https://maps.gstatic.com/mapfiles/place_api/icons/v2/cafe_pinlet,"TBaar Bubble Tea, Juice, Smoothies",{'open_now': True},"[{'height': 4032, 'html_attributions': ['<a href=""https://maps.google.com/maps/contrib/102785614119789343572"">parthajyoti das</a>'], 'photo_reference': 'Aap_uECf_Kc-7h-oowBQAKLrm9L92IycnrWyJhMTimZI0iDkWnStYtcypvuP5V1zzN_UlAqSb7T98V6y0MlsqEvXSQbvsV2hvajb0u1Ih1gHlkdI64NUT7nR3qPtggnkqvAAFvDkq_RXGYmG-3xchlFSeFC93k5lJHsNMJ9U6b_OTZK6vz6C', 'width': 3024}]",ChIJ3ZCr6mMsDogRIxspnqSk14U,"{'compound_code': 'V929+Q4 Chicago, Illinois', 'global_code': '86HJV929+Q4'}",1,4.3,ChIJ3ZCr6mMsDogRIxspnqSk14U,"['cafe', 'food', 'point_of_interest', 'establishment']",546
OPERATIONAL,"3257 W Bryn Mawr Ave, Chicago, IL 60659, United States","{'location': {'lat': 41.9829316, 'lng': -87.711142}, 'viewport': {'northeast': {'lat': 41.98433777989272, 'lng': -87.70980052010728}, 'southwest': {'lat': 41.98163812010728, 'lng': -87.71250017989273}}}",https://maps.gstatic.com/mapfiles/place_api/icons/v1/png_71/cafe-71.png,#FF9E67,https://maps.gstatic.com/mapfiles/place_api/icons/v2/cafe_pinlet,Outdoor Cafe,{'open_now': True},"[{'height': 800, 'html_attributions': ['<a href=""https://maps.google.com/maps/contrib/106425235426930355447"">Outdoor Cafe</a>'], 'photo_reference': 'Aap_uEA3wJRutgvw8CaSYK8f_3mJe4BXfGRqggurJlIWnmpqovCYlxKyf--bLpP_SPcXbkrqfIfsiVHu36spMohRZ91gDGQFNBYHJyeW6BtrAQ6Yg9H3nerJNy0ezayQxrVMrLFOhsU6mQjYvCmp3E6tOJIeU7X1bHLehxJ-SMvvAstKe1Bu', 'width': 1200}]",ChIJTRJj7Q7OD4gRL4f37jQhhGw,"{'compound_code': 'X7MQ+5G Chicago, Illinois', 'global_code': '86HJX7MQ+5G'}",1,4.4,ChIJTRJj7Q7OD4gRL4f37jQhhGw,"['cafe', 'restaurant', 'food', 'point_of_interest', 'store', 'establishment']",273
OPERATIONAL,"2101A S China Pl, Chicago, IL 60616, United States","{'location': {'lat': 41.8547082, 'lng': -87.6326739}, 'viewport': {'northeast': {'lat': 41.85610892989273, 'lng': -87.63141067010727}, 'southwest': {'lat': 41.85340927010729, 'lng': -87.63411032989272}}}",https://maps.gstatic.com/mapfiles/place_api/icons/v1/png_71/cafe-71.png,#FF9E67,https://maps.gstatic.com/mapfiles/place_api/icons/v2/cafe_pinlet,He Cha,ChIJBVV9goAtDogR_Hd790sdO7g,"{'compound_code': 'V938+VW Chicago, Illinois', 'global_code': '86HJV938+VW'}",0,ChIJBVV9goAtDogR_Hd790sdO7g,"['cafe', 'food', 'point_of_interest', 'establishment']",0
OPERATIONAL,"7154 Carpenter Rd, Skokie, IL 60077, United States","{'location': {'lat': 42.0109832, 'lng': -87.7621862}, 'viewport': {'northeast': {'lat': 42.01232187989272, 'lng': -87.76073682010728}, 'southwest': {'lat': 42.00962222010728, 'lng': -87.76343647989272}}}",https://maps.gstatic.com/mapfiles/place_api/icons/v1/png_71/cafe-71.png,#FF9E67,https://maps.gstatic.com/mapfiles/place_api/icons/v2/cafe_pinlet,Chill Bubble Tea,{'open_now': True},"[{'height': 1050, 'html_attributions': ['<a href=""https://maps.google.com/maps/contrib/115883104682946557246"">Chill Bubble Tea</a>'], 'photo_reference': 'Aap_uEBxT2i1kAJjmNjtr5dOUhdAZduQE267036HpLztAO17V_5kpX2fbPbLGmiUSE87cR_gWb-6OpZux-OLujDEwcnebEyyC2LCsEh8kt0KE1KqoIEX5Xa24Je4lSr1HvI-Ji0tpRq84QmiEjnlmW0fOtSzu2qkRw34mZTs0oEOgwnVfQtM', 'width': 1680}]",ChIJwxrd9dvOD4gRKINFancVZqs,"{'compound_code': '266Q+94 Skokie, Illinois', 'global_code': '86JJ266Q+94'}",4.2,ChIJwxrd9dvOD4gRKINFancVZqs,"['cafe', 'restaurant', 'food', 'point_of_interest', 'establishment']",270
OPERATIONAL,"1337 W Fullerton Ave, Chicago, IL 60614, United States","{'location': {'lat': 41.9249701, 'lng': -87.661689}, 'viewport': {'northeast': {'lat': 41.92636677989272, 'lng': -87.66035932010728}, 'southwest': {'lat': 41.92366712010728, 'lng': -87.66305897989271}}}",https://maps.gstatic.com/mapfiles/place_api/icons/v1/png_71/cafe-71.png,#FF9E67,https://maps.gstatic.com/mapfiles/place_api/icons/v2/cafe_pinlet,Tsaocaa Lincoln Park,{'open_now': True},"[{'height': 1370, 'html_attributions': ['<a href=""https://maps.google.com/maps/contrib/110100023276062592925"">A Google User</a>'], 'photo_reference': 'Aap_uEDdNU7BTyIDrJGhmE_r1w6ns02MTyIf9HFLZ2IUjISl8zAoNh7yywsxVwmXZWjVxQpQrKd7iKOqkb7fhMdehYpPyMUsOLO12jxd6Bn3IG7liQymoeZbqLNUXMn7TmgmFltUMw26BVU8YJc_KwrJ8FIKX-Jbvob9OKHG0w1HYznPDjE6', 'width': 2436}]",ChIJyd1wf0jTD4gRc8Q603AUGho,"{'compound_code': 'W8FQ+X8 Chicago, Illinois', 'global_code': '86HJW8FQ+X8'}",5,ChIJyd1wf0jTD4gRc8Q603AUGho,"['cafe', 'food', 'point_of_interest', 'establishment']",10
OPERATIONAL,"2252 S Canal St Unit 226, Chicago, IL 60616, United States","{'location': {'lat': 41.8511574, 'lng': -87.63883799999999}, 'viewport': {'northeast': {'lat': 41.85242772989272, 'lng': -87.63738702010728}, 'southwest': {'lat': 41.84972807010728, 'lng': -87.64008667989272}}}",https://maps.gstatic.com/mapfiles/place_api/icons/v1/png_71/cafe-71.png,#FF9E67,https://maps.gstatic.com/mapfiles/place_api/icons/v2/cafe_pinlet,The Tea Spot 茶迹,{'open_now': True},"[{'height': 1333, 'html_attributions': ['<a href=""https://maps.google.com/maps/contrib/105806751821079393898"">A Google User</a>'], 'photo_reference': 'Aap_uEAOLnJneyBEUZhJ0bWKHwuNLdP-SASNqMeCZ1WpG6k7pt5UxjXV0EfnVMipdqG6989gNf-X6aRHMGAtZtft8BMSJmvyw1HaQeXoUFJtHpPpV6DfhFViT49iWdkWS8p2WXe0Ym_BWtdJI_fo-1t3FBF3cpE28EPnXhzqxext1IkHT3Be', 'width': 2000}]",ChIJVbAGFNgtDogR-2LQ6Oes-VQ,"{'compound_code': 'V926+FF Chicago, Illinois', 'global_code': '86HJV926+FF'}",5,ChIJVbAGFNgtDogR-2LQ6Oes-VQ,"['cafe', 'food', 'point_of_interest', 'establishment']",5
OPERATIONAL,"1607 Chicago Ave, Evanston, IL 60201, United States","{'location': {'lat': 42.04642, 'lng': -87.67927449999999}, 'viewport': {'northeast': {'lat': 42.04782567989272, 'lng': -87.67804712010727}, 'southwest': {'lat': 42.04512602010728, 'lng': -87.68074677989271}}}",https://maps.gstatic.com/mapfiles/place_api/icons/v1/png_71/cafe-71.png,#FF9E67,https://maps.gstatic.com/mapfiles/place_api/icons/v2/cafe_pinlet,Happy Lemon,{'open_now': True},"[{'height': 4032, 'html_attributions': ['<a href=""https://maps.google.com/maps/contrib/113127578737184676529"">Hoa Nguyen</a>'], 'photo_reference': 'Aap_uEDg1dHcbIVSD_yFmBWwnS9V6prl0kUtcBf9O30MirbUcan4znCa_FJ2haJuJWg8PBiGx47bL1CriTO6Z-qP3Y5YFIddajZA15WLXC81H_fCyLA3nPzXOFLXvL2uUFytW5mWWn-AzqM2sn9Hpb1thfI2QDziXBdHf5fteCYMAO26r68I', 'width': 3024}]",ChIJU6T96TTRD4gR3vfSXuPqzRA,"{'compound_code': '28WC+H7 Evanston, Illinois', 'global_code': '86JJ28WC+H7'}",4,ChIJU6T96TTRD4gR3vfSXuPqzRA,"['cafe', 'food', 'point_of_interest', 'establishment']",26
OPERATIONAL,"5741 Irving Park Rd, Chicago, IL 60634, United States","{'location': {'lat': 41.9530087, 'lng': -87.77106510000002}, 'viewport': {'northeast': {'lat': 41.95441767989272, 'lng': -87.76984962010728}, 'southwest': {'lat': 41.95171802010728, 'lng': -87.77254927989271}}}",https://maps.gstatic.com/mapfiles/place_api/icons/v1/png_71/shopping-71.png,#4B96F3,https://maps.gstatic.com/mapfiles/place_api/icons/v2/shopping_pinlet,Portage Park Tea,{'open_now': True},"[{'height': 3024, 'html_attributions': ['<a href=""https://maps.google.com/maps/contrib/117122611326704322027"">Sharon Chun</a>'], 'photo_reference': 'Aap_uEByriCKTHocleZL6fCrBW1Ai_-gBrGUZK2E9OdD71448uxo5DD8dKPhT6G9xkRjU5apEU-TYAvpYgcbrp99EYZcofuuy1UN-HQv6K-v6bOFtk_KgEKOLl-Q1vv0HXzKIAmN_5Za7gtwVNIRPpAMsbBiPBG3fvDRoG2P-8aHyRsn79cL', 'width': 4032}]",ChIJQU2h4YfND4gRCOPmdCKDabM,"{'compound_code': 'X63H+6H Chicago, Illinois', 'global_code': '86HJX63H+6H'}",4.9,ChIJQU2h4YfND4gRCOPmdCKDabM,"['food', 'point_of_interest', 'store', 'establishment']",24
OPERATIONAL,"1130 W Argyle St, Chicago, IL 60640, United States","{'location': {'lat': 41.9735272, 'lng': -87.6589983}, 'viewport': {'northeast': {'lat': 41.97474092989272, 'lng': -87.65763157010727}, 'southwest': {'lat': 41.97204127010727, 'lng': -87.6603312298927}}}",https://maps.gstatic.com/mapfiles/place_api/icons/v1/png_71/cafe-71.png,#FF9E67,https://maps.gstatic.com/mapfiles/place_api/icons/v2/cafe_pinlet,Uni Uni 攸攸茶 Uni Spice 攸攸堂 Uptown,{'open_now': True},"[{'height': 3024, 'html_attributions': ['<a href=""https://maps.google.com/maps/contrib/111629794774650088347"">calvin zhou</a>'], 'photo_reference': 'Aap_uECy9dZufxabX2Z3OFUcU-yJBVq6cyPiYZF2m12HcCRJ272r5Fq6KTAmwJeHyb1Y2AvzURi5sWJzgNfPRMZWpswf-ng4g7xNSbuVzrBAWWJ1PxIfMyYcDcYz1by14DqBOeLRDY86O_px-pM7TwQXaTHosK6jW7d11nVKznapGnOhMyux', 'width': 4032}]",ChIJLSEPk03TD4gRDnIzl1GZC0w,"{'compound_code': 'X8FR+CC Chicago, Illinois', 'global_code': '86HJX8FR+CC'}",4.5,ChIJLSEPk03TD4gRDnIzl1GZC0w,"['cafe', 'restaurant', 'food', 'point_of_interest', 'establishment']",58
OPERATIONAL,"520 Chicago Ridge Mall, Chicago Ridge, IL 60415, United States","{'location': {'lat': 41.7155159, 'lng': -87.7838649}, 'viewport': {'northeast': {'lat': 41.71673747989272, 'lng': -87.78275292010727}, 'southwest': {'lat': 41.71403782010728, 'lng': -87.78545257989272}}}",https://maps.gstatic.com/mapfiles/place_api/icons/v1/png_71/restaurant-71.png,#FF9E67,https://maps.gstatic.com/mapfiles/place_api/icons/v2/restaurant_pinlet,Tasty Freeze - Ice Cream & Bubble Tea,{'open_now': True},"[{'height': 2577, 'html_attributions': ['<a href=""https://maps.google.com/maps/contrib/106743996830638222517"">A Google User</a>'], 'photo_reference': 'Aap_uEDe4GumaFrifn5E6V6vhb8uka2o5vg_-1SPim4kFnLNkInahud9BNIeSBfOEU_T4NkusbUx_Yqt0RnXcnN3_PCfu9JLb8s6UCJSAChgLGqzeBPrd-RwI2ekNROtgm-KNj6sD3vVYYr9L5s2KS8RZ_Kq2aMEcFqkMlYIxQP-SSSgHhg4', 'width': 2945}]",ChIJoQ4Dyow5DogRw5eihdqtMwE,"{'compound_code': 'P688+6F Chicago Ridge, Illinois', 'global_code': '86HJP688+6F'}",4.4,ChIJoQ4Dyow5DogRw5eihdqtMwE,"['cafe', 'food', 'point_of_interest', 'store', 'establishment']",135
OPERATIONAL,"5405 95th St, Oak Lawn, IL 60453, United States","{'location': {'lat': 41.71967009999999, 'lng': -87.7557858}, 'viewport': {'northeast': {'lat': 41.72109562989272, 'lng': -87.75441292010727}, 'southwest': {'lat': 41.71839597010727, 'lng': -87.75711257989272}}}",https://maps.gstatic.com/mapfiles/place_api/icons/v1/png_71/cafe-71.png,#FF9E67,https://maps.gstatic.com/mapfiles/place_api/icons/v2/cafe_pinlet,Tea yard,{'open_now': True},"[{'height': 1080, 'html_attributions': ['<a href=""https://maps.google.com/maps/contrib/104487747617564054031"">A Google User</a>'], 'photo_reference': 'Aap_uECm7FcdvBCS1yTTL7bl5WI3ULjOj-dK7eij0thqN6n_VMkGeYmCdVCVBGi0vhNCM1PvMeQ_eS8XqqKc3LasUvbOgZJuuPbkskL4bvFCCvHAs_gRP64sJtb5H-ufF7XGEr_9Qn6ewZWaLFqDcAtGu2nl23lP808gh_yXtaFinQ5-AdE-', 'width': 1080}]",ChIJwd2H9FI7DogR_f_KG6j7SIM,"{'compound_code': 'P69V+VM Oak Lawn, Illinois', 'global_code': '86HJP69V+VM'}",1,4.7,ChIJwd2H9FI7DogR_f_KG6j7SIM,"['cafe', 'food', 'point_of_interest', 'establishment']",307
CLOSED_TEMPORARILY,"250 E Superior St, Chicago, IL 60611, United States","{'location': {'lat': 41.8965328, 'lng': -87.62065799999999}, 'viewport': {'northeast': {'lat': 41.89801017989272, 'lng': -87.61936912010728}, 'southwest': {'lat': 41.89531052010728, 'lng': -87.62206877989273}}}",https://maps.gstatic.com/mapfiles/place_api/icons/v1/png_71/cafe-71.png,#FF9E67,https://maps.gstatic.com/mapfiles/place_api/icons/v2/cafe_pinlet,Argo Tea,True,"[{'height': 3264, 'html_attributions': ['<a href=""https://maps.google.com/maps/contrib/101940282494148879711"">Melody Lin</a>'], 'photo_reference': 'Aap_uECSQ-R-KU7gwyb8v9qMAfqWcUXj74F_wmEn_BoCCwbJMjrSGdxrwCRaBe5xzvfatShgdVljT2H9SHwSPbOWBwoCrCAR29ro7l_PovXnNg74rIxtH-iHwfkdH3LCgKe1BNoiGCnnaOyMRKJJA85jBH0jK7mBiQA6SDRcfTyhe5bzDDFj', 'width': 2448}]",ChIJ-72Y31TTD4gRk8E39cYxIRA,"{'compound_code': 'V9WH+JP Chicago, Illinois', 'global_code': '86HJV9WH+JP'}",1,4.3,ChIJ-72Y31TTD4gRk8E39cYxIRA,"['cafe', 'food', 'point_of_interest', 'store', 'establishment']",98
OPERATIONAL,"5237 Golf Rd, Skokie, IL 60077, United States","{'location': {'lat': 42.0550945, 'lng': -87.7580461}, 'viewport': {'northeast': {'lat': 42.05650172989272, 'lng': -87.75648157010728}, 'southwest': {'lat': 42.05380207010727, 'lng': -87.75918122989272}}}",https://maps.gstatic.com/mapfiles/place_api/icons/v1/png_71/cafe-71.png,#FF9E67,https://maps.gstatic.com/mapfiles/place_api/icons/v2/cafe_pinlet,TeaRex Bubble Tea Cafe,{'open_now': True},"[{'height': 1920, 'html_attributions': ['<a href=""https://maps.google.com/maps/contrib/113010792770993434930"">Sam Kuhrman</a>'], 'photo_reference': 'Aap_uEDXYwyRnd8vylBr322awr2xGJ5uZ0F8Z9abHEO0pi4QzEnQ6G3TTZ7uRBkAG8uJPIu8EZlWA_K0Z9_hQT3OVRDzl61q7yrbpE4tQLDWi35Bu8OCrMMrbkCScRfUTw_edL8VSZ9nqr6-HLASHMgCQqFpzgBVP2uMSjRFOnFSeKeJjUbp', 'width': 1080}]",ChIJkVksvl_PD4gR7oms8X0MKZw,"{'compound_code': '364R+2Q Skokie, Illinois', 'global_code': '86JJ364R+2Q'}",1,4.5,ChIJkVksvl_PD4gR7oms8X0MKZw,"['cafe', 'food', 'point_of_interest', 'establishment']",417
OPERATIONAL,"1424 W Taylor St, Chicago, IL 60607, United States","{'location': {'lat': 41.8695344, 'lng': -87.6626974}, 'viewport': {'northeast': {'lat': 41.87077757989272, 'lng': -87.66147467010728}, 'southwest': {'lat': 41.86807792010727, 'lng': -87.66417432989273}}}",https://maps.gstatic.com/mapfiles/place_api/icons/v1/png_71/cafe-71.png,#FF9E67,https://maps.gstatic.com/mapfiles/place_api/icons/v2/cafe_pinlet,L'OURS BAKERY CAFE,{'open_now': True},"[{'height': 2651, 'html_attributions': ['<a href=""https://maps.google.com/maps/contrib/105041917660193748467"">Catherine Maticic</a>'], 'photo_reference': 'Aap_uED2LiFBhrRRp6X9RfDaFNXQJmtKG2n5CtJ_gwT3eXW9FsiDhT_CUJ5Ku-DI5reaDAq-WFapEaJ3h-nhcC8LoTfwWY1ui8cVvBw8a9R-1DDOoNqJZxnSFwAXxx2MVF3OeWOoCCTDLsYs8rUAlKJgFZfSzVGQHg7x_dUOOFF82k4LX0Js', 'width': 3370}]",ChIJCWCCxqQtDogR_poNpm0uKxM,"{'compound_code': 'V89P+RW Chicago, Illinois', 'global_code': '86HJV89P+RW'}",1,4.5,ChIJCWCCxqQtDogR_poNpm0uKxM,"['bakery', 'cafe', 'food', 'point_of_interest', 'store', 'establishment']",288
OPERATIONAL,"1565 Sherman Ave, Evanston, IL 60201, United States","{'location': {'lat': 42.045976, 'lng': -87.6814797}, 'viewport': {'northeast': {'lat': 42.04737547989271, 'lng': -87.68029742010728}, 'southwest': {'lat': 42.04467582010727, 'lng': -87.68299707989271}}}",https://maps.gstatic.com/mapfiles/place_api/icons/v1/png_71/cafe-71.png,#FF9E67,https://maps.gstatic.com/mapfiles/place_api/icons/v2/cafe_pinlet,TEAlicious BUBBLE,{'open_now': False},"[{'height': 3025, 'html_attributions': ['<a href=""https://maps.google.com/maps/contrib/106634508524355432026"">A Google User</a>'], 'photo_reference': 'Aap_uEDKxdWTaBjXDWFjK1HpBOwfPd_z7373D6U-0hun4n3J5yLDwjwqyE9J5z8wrmmBw5t1t6-KJvfc-HwxSiOHgWiXjzCvICLas3e9f_4FxsvTjVMTI8T1FtVgXOfs9m7ZEHd_LZkzVhSeHkcigI70yDZuT-_JjBrAw_qlT07wZZx4iL-E', 'width': 3024}]",ChIJp5l-KJHRD4gRqdBgmiRSu_o,"{'compound_code': '28W9+9C Evanston, Illinois', 'global_code': '86JJ28W9+9C'}",1,4.6,ChIJp5l-KJHRD4gRqdBgmiRSu_o,"['cafe', 'restaurant', 'food', 'point_of_interest', 'store', 'establishment']",127
OPERATIONAL,"2150A S Archer Ave, Chicago, IL 60616, United States","{'location': {'lat': 41.853652, 'lng': -87.6341187}, 'viewport': {'northeast': {'lat': 41.85492402989271, 'lng': -87.63270082010727}, 'southwest': {'lat': 41.85222437010727, 'lng': -87.63540047989272}}}",https://maps.gstatic.com/mapfiles/place_api/icons/v1/png_71/cafe-71.png,#FF9E67,https://maps.gstatic.com/mapfiles/place_api/icons/v2/cafe_pinlet,Bingo Tea,{'open_now': True},"[{'height': 2042, 'html_attributions': ['<a href=""https://maps.google.com/maps/contrib/114896368690623108234"">A Google User</a>'], 'photo_reference': 'Aap_uEBPKdvYw-q5Zu8Q43n4vZ6f3NV-UPcxh68SlxAWSks7ptcGA1WgKIz-VoAGbkjirFMKUJwLGiNrHSmIu9QPu9oRlABMK1VCThpXTHrlLfdW8oyZ5dZhBN5NWkSkpebu-I3cL4Yb3n3sO6CjZwOGDyUj8pdv8gIBrSxGa3oF3a0_rBgn', 'width': 1080}]",ChIJjxJJ7YYtDogRCpyZw3XOjwc,"{'compound_code': 'V938+F9 Chicago, Illinois', 'global_code': '86HJV938+F9'}",1,4.4,ChIJjxJJ7YYtDogRCpyZw3XOjwc,"['cafe', 'food', 'point_of_interest', 'establishment']",286
OPERATIONAL,"3247 W Bryn Mawr Ave, Chicago, IL 60659, United States","{'location': {'lat': 41.982964, 'lng': -87.71074899999999}, 'viewport': {'northeast': {'lat': 41.98435477989273, 'lng': -87.70938787010728}, 'southwest': {'lat': 41.98165512010728, 'lng': -87.71208752989273}}}",https://maps.gstatic.com/mapfiles/place_api/icons/v1/png_71/cafe-71.png,#FF9E67,https://maps.gstatic.com/mapfiles/place_api/icons/v2/cafe_pinlet,Java & Mug,{'open_now': False},"[{'height': 1432, 'html_attributions': ['<a href=""https://maps.google.com/maps/contrib/118158875232992169264"">Alan Szuszkiewicz</a>'], 'photo_reference': 'Aap_uECaWBf3d_d8L5ZfVJofxVUaTarIOk6evTr7yt02TjoipxxfNb5ahRJb1A7A8dA5M_psw41R4NIxS87vzFLaKBTlQ5clD2atBALH5FHynR6ezgp4Cl68yVzWdjJsgUQNA3UMFXlNDMAzE5UWu5PIOAaA_yMWkuxswJRmHBQMScZ3C42N', 'width': 1080}]",ChIJIVog7g7OD4gRSC2bZQ7m6Uw,"{'compound_code': 'X7MQ+5P Chicago, Illinois', 'global_code': '86HJX7MQ+5P'}",1,4.6,ChIJIVog7g7OD4gRSC2bZQ7m6Uw,"['cafe', 'food', 'point_of_interest', 'store', 'establishment']",280
OPERATIONAL,"3341 N Lincoln Ave, Chicago, IL 60657, United States","{'location': {'lat': 41.9427232, 'lng': -87.67053419999999}, 'viewport': {'northeast': {'lat': 41.94403267989271, 'lng': -87.66928537010727}, 'southwest': {'lat': 41.94133302010727, 'lng': -87.67198502989271}}}",https://maps.gstatic.com/mapfiles/place_api/icons/v1/png_71/cafe-71.png,#FF9E67,https://maps.gstatic.com/mapfiles/place_api/icons/v2/cafe_pinlet,MK Boba,{'open_now': True},"[{'height': 1720, 'html_attributions': ['<a href=""https://maps.google.com/maps/contrib/115151572731894797236"">A Google User</a>'], 'photo_reference': 'Aap_uEA7NWwJLe8BextJ31-7sOAPSqWJ3cHHPX5NXVIPnnoIWW3qVqHfBP9-qvzeHUvI-7r-c9nnO3knSxRKFGB8K0K5mX4SsFyk8OyGA5seqEbINc1CWSmIo8yXeE6WUwGJI9Y8xHLIXjB47NqW9TbWVgVLPdK_e8s3hXpWKIYpdgXDbHp5', 'width': 1418}]",ChIJaTPC3rfTD4gRktWiDEyAxbg,"{'compound_code': 'W8VH+3Q Chicago, Illinois', 'global_code': '86HJW8VH+3Q'}",5,ChIJaTPC3rfTD4gRktWiDEyAxbg,"['cafe', 'food', 'point_of_interest', 'establishment']",3
CLOSED_TEMPORARILY,"First Floor Unit, 2116 S Archer Ave, Chicago, IL 60616, United States","{'location': {'lat': 41.8543969, 'lng': -87.63262120000002}, 'viewport': {'northeast': {'lat': 41.85574672989272, 'lng': -87.63127137010729}, 'southwest': {'lat': 41.85304707010727, 'lng': -87.63397102989273}}}",https://maps.gstatic.com/mapfiles/place_api/icons/v1/png_71/cafe-71.png,#FF9E67,https://maps.gstatic.com/mapfiles/place_api/icons/v2/cafe_pinlet,TIGER SUGAR,True,"[{'height': 1920, 'html_attributions': ['<a href=""https://maps.google.com/maps/contrib/116209183784612907464"">A Google User</a>'], 'photo_reference': 'Aap_uEAAD0tn4J8GD0kc9VlRpunKhEV8no66ZhgQcDm2mO6S0ZScNWvTWNKrkknf9FNOSiopvQ8dTHk1cjYJLPjkzk-imfN8FegS6bLbLSRNqOF0qJdIP3hRWiibjMlbHGBH7dbBQ01HgYRQQs53-YGHl-bjVck2nMrCc018xZQNUxPjT0wq', 'width': 1281}]",ChIJQ_PEzC4tDogRbLrEDdZDF_c,"{'compound_code': 'V938+QX Chicago, Illinois', 'global_code': '86HJV938+QX'}",5,ChIJQ_PEzC4tDogRbLrEDdZDF_c,"['cafe', 'food', 'point_of_interest', 'establishment']",3
OPERATIONAL,"5220 Fashion Outlets Way Suite 8030, Rosemont, IL 60018, United States","{'location': {'lat': 41.9749855, 'lng': -87.8671165}, 'viewport': {'northeast': {'lat': 41.97677232989272, 'lng': -87.86561762010727}, 'southwest': {'lat': 41.97407267010728, 'lng': -87.86831727989272}}}",https://maps.gstatic.com/mapfiles/place_api/icons/v1/png_71/cafe-71.png,#FF9E67,https://maps.gstatic.com/mapfiles/place_api/icons/v2/cafe_pinlet,Tea Ninja,{'open_now': True},"[{'height': 5312, 'html_attributions': ['<a href=""https://maps.google.com/maps/contrib/107397079239329509303"">Israella C.</a>'], 'photo_reference': 'Aap_uECy4P0hkrHxhGTj9hV5I4f2WgrcCPymFq9qJbzSBOYx9AjuyDMWrPpaLom2hINTmRKKYRAG7KnLhKASo7sMbMQ919m3Hkq600NLpxag3W-5vO2j1bbHtFwafIVw7Ahbxh4xpVl4e9RTD-_Ry1GQRz76z4fYeQ40qQaCjLXIJfuAxv7R', 'width': 2988}]",ChIJE63BeOO1D4gRm-Fp4CfVRlU,"{'compound_code': 'X4FM+X5 Rosemont, Illinois', 'global_code': '86HJX4FM+X5'}",1,4.4,ChIJE63BeOO1D4gRm-Fp4CfVRlU,"['cafe', 'food', 'point_of_interest', 'establishment']",50
OPERATIONAL,"4999 Old Orchard Shopping Center, Skokie, IL 60077, United States","{'location': {'lat': 42.0583329, 'lng': -87.7497788}, 'viewport': {'northeast': {'lat': 42.05986737989272, 'lng': -87.74889817010728}, 'southwest': {'lat': 42.05716772010728, 'lng': -87.75159782989272}}}",https://maps.gstatic.com/mapfiles/place_api/icons/v1/png_71/cafe-71.png,#FF9E67,https://maps.gstatic.com/mapfiles/place_api/icons/v2/cafe_pinlet,Chill Bubble Tea,{'open_now': True},"[{'height': 2176, 'html_attributions': ['<a href=""https://maps.google.com/maps/contrib/110064759652097536292"">Jason DelaRosa</a>'], 'photo_reference': 'Aap_uEDVu_K9lNE0EWu3nz9C_2DCS8FnLCTaeo5-N8lGD641zuPmlV4Z5OrYNxCHEKz3AWT6fwRdPM63bIrRtYPXu9l1VFG3WDwD7n-z4jVsMODBYoDvcag13Ho-RzbwZwr4ZB2T66i3K97any8YvqUNsvgXFxVbq5EuzomSdb0Q-Z5XYrkW', 'width': 4608}]",ChIJHTbfHxjFD4gR5kmS27UoSa4,"{'compound_code': '3752+83 Skokie, Illinois', 'global_code': '86JJ3752+83'}",3.6,ChIJHTbfHxjFD4gR5kmS27UoSa4,"['cafe', 'restaurant', 'food', 'point_of_interest', 'establishment']",40
OPERATIONAL,"1453 W Taylor St, Chicago, IL 60607, United States","{'location': {'lat': 41.86912239999999, 'lng': -87.66368949999999}, 'viewport': {'northeast': {'lat': 41.87056582989273, 'lng': -87.66234227010727}, 'southwest': {'lat': 41.86786617010728, 'lng': -87.66504192989272}}}",https://maps.gstatic.com/mapfiles/place_api/icons/v1/png_71/cafe-71.png,#FF9E67,https://maps.gstatic.com/mapfiles/place_api/icons/v2/cafe_pinlet,Living Water Tea House,{'open_now': False},"[{'height': 3641, 'html_attributions': ['<a href=""https://maps.google.com/maps/contrib/101192332739069254872"">A Google User</a>'], 'photo_reference': 'Aap_uEBzlV93pM-i3heQt9DGMm2GR1FEFimWkS_S9WIdF9mV5hDbRvTtjpH4aA9DXS1BW8Kqvc3-6Re-6WtgHG4BRDuzYURJW5U-k71Yg1ocUVEh0tW-q0qHnwrwyk7y0PWiqpVItyZoD3ij_V7-FJRqtH0l8RJohJmMooYjj-w8KR0CWon6', 'width': 3641}]",ChIJO0WCrkYtDogRoChsQf8BST8,"{'compound_code': 'V89P+JG Chicago, Illinois', 'global_code': '86HJV89P+JG'}",1,4.9,ChIJO0WCrkYtDogRoChsQf8BST8,"['cafe', 'food', 'point_of_interest', 'establishment']",76
OPERATIONAL,"726 Clark St, Evanston, IL 60201, United States","{'location': {'lat': 42.0498222, 'lng': -87.6813287}, 'viewport': {'northeast': {'lat': 42.05124882989272, 'lng': -87.67998517010729}, 'southwest': {'lat': 42.04854917010728, 'lng': -87.68268482989272}}}",https://maps.gstatic.com/mapfiles/place_api/icons/v1/png_71/cafe-71.png,#FF9E67,https://maps.gstatic.com/mapfiles/place_api/icons/v2/cafe_pinlet,Kung Fu Tea,{'open_now': True},"[{'height': 4032, 'html_attributions': ['<a href=""https://maps.google.com/maps/contrib/115726657196652018707"">Abdullah Farooq</a>'], 'photo_reference': 'Aap_uEDZ_bvEnZ_dUH8o7d6TfKt-ocXu_Y4H41k98SfU7-DYQp_2aVvw680P31NhsHt6drSLq0nTmn7Gn5r_7L2mIKkpFdbaaahEEHlbcWjmK3fXsPocJ9CgYh1GkLg61ItvjbPHJONWn_U6m5OizcbGTm1rcNKiYcFodPrYFFpmQtPl-Hut', 'width': 3024}]",ChIJMfD_iQvQD4gRz0q97jCBnpA,"{'compound_code': '28X9+WF Evanston, Illinois', 'global_code': '86JJ28X9+WF'}",1,4.3,ChIJMfD_iQvQD4gRz0q97jCBnpA,"['cafe', 'restaurant', 'food', 'point_of_interest', 'establishment']",293
OPERATIONAL,"4048 N Narragansett Ave, Chicago, IL 60634, United States","{'location': {'lat': 41.954329, 'lng': -87.786975}, 'viewport': {'northeast': {'lat': 41.95567972989273, 'lng': -87.78556082010728}, 'southwest': {'lat': 41.95298007010728, 'lng': -87.78826047989273}}}",https://maps.gstatic.com/mapfiles/place_api/icons/v1/png_71/cafe-71.png,#FF9E67,https://maps.gstatic.com/mapfiles/place_api/icons/v2/cafe_pinlet,Gosa Tea,ChIJ1zTVNTrLD4gR28mMNLaHM94,"{'compound_code': 'X637+P6 Chicago, Illinois', 'global_code': '86HJX637+P6'}",0,ChIJ1zTVNTrLD4gR28mMNLaHM94,"['cafe', 'food', 'point_of_interest', 'establishment']",0
OPERATIONAL,"9109 N Milwaukee Ave, Niles, IL 60714, United States","{'location': {'lat': 42.0463112, 'lng': -87.83106719999999}, 'viewport': {'northeast': {'lat': 42.04763357989272, 'lng': -87.82984727010727}, 'southwest': {'lat': 42.04493392010728, 'lng': -87.83254692989271}}}",https://maps.gstatic.com/mapfiles/place_api/icons/v1/png_71/cafe-71.png,#FF9E67,https://maps.gstatic.com/mapfiles/place_api/icons/v2/cafe_pinlet,TeaRex Bubble Tea Cafe - Niles,{'open_now': False},"[{'height': 2560, 'html_attributions': ['<a href=""https://maps.google.com/maps/contrib/104358800686057841506"">Lezp Henderson</a>'], 'photo_reference': 'Aap_uEBg6MEGZk1HaNsgBpQpl1z7W2rloUFrInSc4oqXzTZqPDL-DPwpZ7jrmy-gfl9IuXBRvAY6Pgo4NGjJJ_fdbZNzpYfRm8wyUWnpo6Is7nzvEAiQCri2D-CbFEQRALK2wG1-nQT480KTsodR197KRuEWC-G5vxaSisZb52oBXB0xv8Cp', 'width': 1920}]",ChIJJbhfwx_JD4gRnYwQq73-RJk,"{'compound_code': '25W9+GH Niles, Illinois', 'global_code': '86JJ25W9+GH'}",4.7,ChIJJbhfwx_JD4gRnYwQq73-RJk,"['cafe', 'food', 'point_of_interest', 'establishment']",142
OPERATIONAL,"7104 Mannheim Rd, Rosemont, IL 60018, United States","{'location': {'lat': 42.0082683, 'lng': -87.88706309999999}, 'viewport': {'northeast': {'lat': 42.00961092989272, 'lng': -87.88557722010728}, 'southwest': {'lat': 42.00691127010728, 'lng': -87.88827687989273}}}",https://maps.gstatic.com/mapfiles/place_api/icons/v1/png_71/cafe-71.png,#FF9E67,https://maps.gstatic.com/mapfiles/place_api/icons/v2/cafe_pinlet,Voltage Bubble tea,{'open_now': True},"[{'height': 1200, 'html_attributions': ['<a href=""https://maps.google.com/maps/contrib/102533781738871734810"">A Google User</a>'], 'photo_reference': 'Aap_uEArJep71uE_EEpTaLRuc8V-QUAl-FD7ZxxusTqKiiz09icbgP_7_AeFYToB5rMVrb-s2wTHKNpyi5XJJOsHqIA860O7cAv2_XLRmJByfYbzimtIfs6QkdP8Y77P5lMrv03zm_pucuJWgnNs-PW2S4QeZoqiJHhK-M3vZoHMji4DACWS', 'width': 1200}]",ChIJP6FTXcW3D4gRTwPhGPQdCdo,"{'compound_code': '2457+85 Rosemont, Illinois', 'global_code': '86JJ2457+85'}",4.7,ChIJP6FTXcW3D4gRTwPhGPQdCdo,"['cafe', 'food', 'point_of_interest', 'establishment']",121
OPERATIONAL,"4701 N Lincoln Ave, Chicago, IL 60625, United States","{'location': {'lat': 41.966814, 'lng': -87.68709899999999}, 'viewport': {'northeast': {'lat': 41.96815122989271, 'lng': -87.68586762010727}, 'southwest': {'lat': 41.96545157010727, 'lng': -87.68856727989272}}}",https://maps.gstatic.com/mapfiles/place_api/icons/v1/png_71/shopping-71.png,#4B96F3,https://maps.gstatic.com/mapfiles/place_api/icons/v2/shopping_pinlet,Yogurt Square,{'open_now': True},"[{'height': 4032, 'html_attributions': ['<a href=""https://maps.google.com/maps/contrib/114234404058366857145"">Caitlyn Cooper</a>'], 'photo_reference': 'Aap_uECLuSRw6UkTUEdaFhRRZKTAQpKAtGBDmSdi9ykYOQoA4bpvhNKNumzX47LcLzbSMc_wxqZlNqvbvZfqKOvyzBiuzFkkpXwvcw0HMIoATRBTUS5STILQvpL6sIsJKvBOMU7YoS7T1NNRRPr6svqLld3Wq2uxnrcpnnpL-YlPFQ5_FKBB', 'width': 3024}]",ChIJq4RYsBrSD4gR6y1SoO7ogVk,"{'compound_code': 'X887+P5 Chicago, Illinois', 'global_code': '86HJX887+P5'}",1,4.4,ChIJq4RYsBrSD4gR6y1SoO7ogVk,"['cafe', 'food', 'point_of_interest', 'store', 'establishment']",261
OPERATIONAL,"6604 Roosevelt Rd, Oak Park, IL 60304, United States","{'location': {'lat': 41.8653985, 'lng': -87.789143}, 'viewport': {'northeast': {'lat': 41.86667662989272, 'lng': -87.78780072010727}, 'southwest': {'lat': 41.86397697010727, 'lng': -87.79050037989272}}}",https://maps.gstatic.com/mapfiles/place_api/icons/v1/png_71/restaurant-71.png,#FF9E67,https://maps.gstatic.com/mapfiles/place_api/icons/v2/restaurant_pinlet,"Sweet Monster - Bubble Tea, Ice Cream & Deserts",{'open_now': True},"[{'height': 3456, 'html_attributions': ['<a href=""https://maps.google.com/maps/contrib/101331681017021853440"">A Google User</a>'], 'photo_reference': 'Aap_uEAw5gsPZE8KrBln_FaNWRuI_Tqt3xt_U-pAr9LESfSJHYJ2uZszAgqdoxCxiGXo2BHufvjNQ946dzh5fjux8t6miTr6IMvdZjetax-MCVCIO8ammCaZdAqzo8w5GWGMkbBfQ-Mylb9qIHPHNcYXHDkPH1olb-PQ883O3g80WNGW0OCu', 'width': 4608}]",ChIJ7VQHJik1DogRUfVvOHoSqnY,"{'compound_code': 'V686+58 Oak Park, Illinois', 'global_code': '86HJV686+58'}",2,3.8,ChIJ7VQHJik1DogRUfVvOHoSqnY,"['meal_takeaway', 'cafe', 'restaurant', 'food', 'point_of_interest', 'store', 'establishment']",236
OPERATIONAL,"2026 S Clark St unit g, Chicago, IL 60616, United States","{'location': {'lat': 41.8547536, 'lng': -87.63040389999999}, 'viewport': {'northeast': {'lat': 41.85612012989272, 'lng': -87.62892117010728}, 'southwest': {'lat': 41.85342047010727, 'lng': -87.63162082989273}}}",https://maps.gstatic.com/mapfiles/place_api/icons/v1/png_71/cafe-71.png,#FF9E67,https://maps.gstatic.com/mapfiles/place_api/icons/v2/cafe_pinlet,Tsaocaa,{'open_now': True},"[{'height': 2688, 'html_attributions': ['<a href=""https://maps.google.com/maps/contrib/117904635049207616587"">A Google User</a>'], 'photo_reference': 'Aap_uED0HI32zq7dCE3XpPRB6zKvHZtnFDSr-NgA2Zjpwhom56i9CL4u1CKNPc3LbV2A0HsUueFtCHI5xMpJloj5uh3AupS88wBRzcfGdKEwptWxVnieMRqVQbXWRPWdmEQLs-pXUZ7exa0cMExbLJ0YA-vNVA5nHDB8LoQm3CIEV5V3iW62', 'width': 4032}]",ChIJt4MKFdgtDogR1mgNTZi7TXA,"{'compound_code': 'V939+WR Chicago, Illinois', 'global_code': '86HJV939+WR'}",4.4,ChIJt4MKFdgtDogR1mgNTZi7TXA,"['cafe', 'food', 'point_of_interest', 'establishment']",253
OPERATIONAL,"10939 S Western Ave, Chicago, IL 60643, United States","{'location': {'lat': 41.694278, 'lng': -87.6807946}, 'viewport': {'northeast': {'lat': 41.69562932989272, 'lng': -87.67955842010728}, 'southwest': {'lat': 41.69292967010728, 'lng': -87.68225807989272}}}",https://maps.gstatic.com/mapfiles/place_api/icons/v1/png_71/cafe-71.png,#FF9E67,https://maps.gstatic.com/mapfiles/place_api/icons/v2/cafe_pinlet,YY Tea House,{'open_now': True},"[{'height': 1440, 'html_attributions': ['<a href=""https://maps.google.com/maps/contrib/107825097104772424974"">A Google User</a>'], 'photo_reference': 'Aap_uEAXshx23rLP08ShYmtI-35Gatx4kWghKYfXfSLCS3SdVfGyHcG1f7pTIyj2w5FNO8nFxnM66dv-3IMPOHO67vg9u9w0_OzKaipjWVSg30s6nbYurRFIEohCr-QtaJdr52_JROrHhwMUKq-NUb7WAcPMgwG2grD5j2kXk6uu31Ez1d2t', 'width': 1080}]",ChIJQ7bsvQolDogRKjwVDClwR9k,"{'compound_code': 'M8V9+PM Chicago, Illinois', 'global_code': '86HJM8V9+PM'}",4.3,ChIJQ7bsvQolDogRKjwVDClwR9k,"['cafe', 'food', 'point_of_interest', 'establishment']",3
OPERATIONAL,"7923 Golf Rd, Morton Grove, IL 60053, United States","{'location': {'lat': 42.0540208, 'lng': -87.823386}, 'viewport': {'northeast': {'lat': 42.05543502989273, 'lng': -87.82200637010729}, 'southwest': {'lat': 42.05273537010728, 'lng': -87.82470602989272}}}",https://maps.gstatic.com/mapfiles/place_api/icons/v1/png_71/cafe-71.png,#FF9E67,https://maps.gstatic.com/mapfiles/place_api/icons/v2/cafe_pinlet,Cafe Koco Bowl,{'open_now': True},"[{'height': 538, 'html_attributions': ['<a href=""https://maps.google.com/maps/contrib/112348497737035518696"">Cafe Koco</a>'], 'photo_reference': 'Aap_uEAfbs7iG2_HF5zZbCr4rMHGstCO0kW_PWRcP06XERtbPX2DKWBTifK6wDlZCaSyBdlto8T63ZKqpo97Gy9W0aQNu-qkFQwz0xCjjt2Q9sIK4X3oFQRipJ9baoDkfrR5pufy69C6QMzTIiW0ihlXBCWytPSFE5OSbkQUsdZaCcahsBv3', 'width': 632}]",ChIJczD8wHnID4gRQdIQdPMROYM,"{'compound_code': '353G+JJ Morton Grove, Illinois', 'global_code': '86JJ353G+JJ'}",1,4.3,ChIJczD8wHnID4gRQdIQdPMROYM,"['cafe', 'food', 'point_of_interest', 'establishment']",157
OPERATIONAL,"2157 S China Pl, Chicago, IL 60616, United States","{'location': {'lat': 41.8537708, 'lng': -87.6346054}, 'viewport': {'northeast': {'lat': 41.85515457989272, 'lng': -87.63338047010728}, 'southwest': {'lat': 41.85245492010728, 'lng': -87.63608012989272}}}",https://maps.gstatic.com/mapfiles/place_api/icons/v1/png_71/restaurant-71.png,#FF9E67,https://maps.gstatic.com/mapfiles/place_api/icons/v2/restaurant_pinlet,Saint's Alp Teahouse,{'open_now': True},"[{'height': 2048, 'html_attributions': ['<a href=""https://maps.google.com/maps/contrib/104003926636157374145"">Nathan Wong</a>'], 'photo_reference': 'Aap_uECK-6lwFKBm9FitWQ3y7cc-oLQGcdjDKQrtX9F4KFpvVUj_fIPJnpqetiDQHzTDQUlkFSZVtYx8VX1qkF5bUGUcwhodFYzLrItnoEUbYOue_fjeoD1MZsgYQms4HX0rQvtVttNli_WMdZr-tIo-4UKcZVQa2sYA_z1LszLtNpbO7FpI', 'width': 2048}]",ChIJrRQYmGEsDogRn2PPVyPArqU,"{'compound_code': 'V938+G5 Chicago, Illinois', 'global_code': '86HJV938+G5'}",1,4.3,ChIJrRQYmGEsDogRn2PPVyPArqU,"['cafe', 'restaurant', 'food', 'point_of_interest', 'establishment']",351
OPERATIONAL,"2959 N Milwaukee Ave, Chicago, IL 60618, United States","{'location': {'lat': 41.9352103, 'lng': -87.7170819}, 'viewport': {'northeast': {'lat': 41.93656012989273, 'lng': -87.71573207010726}, 'southwest': {'lat': 41.93386047010728, 'lng': -87.71843172989271}}}",https://maps.gstatic.com/mapfiles/place_api/icons/v1/png_71/cafe-71.png,#FF9E67,https://maps.gstatic.com/mapfiles/place_api/icons/v2/cafe_pinlet,Sipping Turtle Cafe,{'open_now': True},"[{'height': 4032, 'html_attributions': ['<a href=""https://maps.google.com/maps/contrib/103114239076994146082"">A Google User</a>'], 'photo_reference': 'Aap_uEACXojnHhVwhl-cyKVC29cCsNRDTKQuxHnlV82hIxolR8zs9th-HnGF34uAcf0ZZtNAai1Q2xFIWp4u9BaeeYBXi4dXpFR8U9FQc6oAtJKydix8n1OHs8CUVJ-0h2gDCn7QUDqjt72wgnjBBZgMSwEZ-HrRZUN-8pn6D5nATowgfQxg', 'width': 3024}]",ChIJBepZlcbND4gR0CQMLhZaC34,"{'compound_code': 'W7PM+35 Chicago, Illinois', 'global_code': '86HJW7PM+35'}",4.7,ChIJBepZlcbND4gR0CQMLhZaC34,"['cafe', 'food', 'point_of_interest', 'store', 'establishment']",145
OPERATIONAL,"1159 W Taylor St, Chicago, IL 60607, United States","{'location': {'lat': 41.8693295, 'lng': -87.6563846}, 'viewport': {'northeast': {'lat': 41.87072772989271, 'lng': -87.65505202010728}, 'southwest': {'lat': 41.86802807010727, 'lng': -87.65775167989271}}}",https://maps.gstatic.com/mapfiles/place_api/icons/v1/png_71/restaurant-71.png,#FF9E67,https://maps.gstatic.com/mapfiles/place_api/icons/v2/restaurant_pinlet,KURIMU,{'open_now': True},"[{'height': 4032, 'html_attributions': ['<a href=""https://maps.google.com/maps/contrib/102130499817523427155"">문지민</a>'], 'photo_reference': 'Aap_uEAF55-ki_MSwADqBl-zd8Q7IaKVAdb9uN_TEL0_qLmBxSMe6lisF8DCGac6Y0nSZ0IxaatydkFS3uTLJGmH-x7ClaqgoAr-K-cGrjKc7Dn85oZdCBQv1d0x2GVBSS1AJLv6K9m-SemP-lpIV0yjKsWOTvAxpQNkq-IngVAkjGh1PLi1', 'width': 3024}]",ChIJh-vbFsEtDogR6GxreIfuAcA,"{'compound_code': 'V89V+PC Chicago, Illinois', 'global_code': '86HJV89V+PC'}",4.5,ChIJh-vbFsEtDogR6GxreIfuAcA,"['food', 'point_of_interest', 'store', 'establishment']",440
OPERATIONAL,"5010 N Broadway, Chicago, IL 60640, United States","{'location': {'lat': 41.9730722, 'lng': -87.66000869999999}, 'viewport': {'northeast': {'lat': 41.97442557989272, 'lng': -87.65854677010728}, 'southwest': {'lat': 41.97172592010727, 'lng': -87.66124642989273}}}",https://maps.gstatic.com/mapfiles/place_api/icons/v1/png_71/shopping-71.png,#4B96F3,https://maps.gstatic.com/mapfiles/place_api/icons/v2/shopping_pinlet,Bambu,{'open_now': True},"[{'height': 3024, 'html_attributions': ['<a href=""https://maps.google.com/maps/contrib/103032868791526972386"">Juan Los Primos</a>'], 'photo_reference': 'Aap_uEBPbRIwNd_tyQU9fzN6uW-3fbDzzA7lTW7HFJQuDCR8CBd6H6BDL_8OXh6lQDoeIkakKLMU6sjsArS7CWiHXCXkp2eZVR8tzUFl40AgoYI7k7Z0BD9xHWzcgmcmiX2H6kHPXqBQdDs20aVJCGpkUU9hMnWAslez2oUE5f6Qg5HbOLY0', 'width': 3024}]",ChIJ5wp-5CrSD4gR5p47zu8BI40,"{'compound_code': 'X8FQ+6X Chicago, Illinois', 'global_code': '86HJX8FQ+6X'}",1,4.5,ChIJ5wp-5CrSD4gR5p47zu8BI40,"['food', 'point_of_interest', 'store', 'establishment']",290
OPERATIONAL,"2026 S Clark St Unit A, Chicago, IL 60616, United States","{'location': {'lat': 41.85447509999999, 'lng': -87.63041849999999}, 'viewport': {'northeast': {'lat': 41.85583142989272, 'lng': -87.62892252010727}, 'southwest': {'lat': 41.85313177010728, 'lng': -87.63162217989272}}}",https://maps.gstatic.com/mapfiles/place_api/icons/v1/png_71/shopping-71.png,#4B96F3,https://maps.gstatic.com/mapfiles/place_api/icons/v2/shopping_pinlet,Meet Fresh 鲜芋仙,{'open_now': True},"[{'height': 3024, 'html_attributions': ['<a href=""https://maps.google.com/maps/contrib/100796978647196078569"">Chan Woo Park</a>'], 'photo_reference': 'Aap_uEAljVuMHOz65sziUdDCMM5bkNCNgf6yH2k1m-sR-IFqo7ztEjZgN2fYvPjVZav-1RN9CEtbgyOO-K2_MRIModgsu6cy7Kfm8OCD4bjd0IY2WtoBB6EfLtGnlSgY0MjqmxtZv7OL_6ICqFCSkZepB8eML-Z5_lynIZ4nI7U9AK16a2FS', 'width': 4032}]",ChIJTbyRkGIsDogR_cp3WYm94Rk,"{'compound_code': 'V939+QR Chicago, Illinois', 'global_code': '86HJV939+QR'}",2,3.8,ChIJTbyRkGIsDogR_cp3WYm94Rk,"['cafe', 'food', 'point_of_interest', 'store', 'establishment']",748
OPERATIONAL,"2468 N Clark St, Chicago, IL 60614, United States","{'location': {'lat': 41.9272307, 'lng': -87.6417908}, 'viewport': {'northeast': {'lat': 41.92862847989272, 'lng': -87.64030987010727}, 'southwest': {'lat': 41.92592882010727, 'lng': -87.64300952989272}}}",https://maps.gstatic.com/mapfiles/place_api/icons/v1/png_71/shopping-71.png,#4B96F3,https://maps.gstatic.com/mapfiles/place_api/icons/v2/shopping_pinlet,Taiyaki Chicago,{'open_now': True},"[{'height': 4032, 'html_attributions': ['<a href=""https://maps.google.com/maps/contrib/110681435727222125735"">A Google User</a>'], 'photo_reference': 'Aap_uECjVfXPgtp6g8NCKtVMTum7icFwvzTxqPz8MZIxTVydlNyg6xLH3grfXfDPBHtt379dI3k8jsbss_-qTobs4qawt3G0KU9FhuS8fg2EyEt8V5mnvg4UyG5CBWCKNkQuIMVBjXdTKwdsqjcXTEbmR_f9uvcfV9aLNRjXTSlQ2lCo8kDx', 'width': 3024}]",ChIJJ3Bi6fbTD4gRBIW3WeSH_Lo,"{'compound_code': 'W9G5+V7 Chicago, Illinois', 'global_code': '86HJW9G5+V7'}",1,4.3,ChIJJ3Bi6fbTD4gRBIW3WeSH_Lo,"['food', 'point_of_interest', 'store', 'establishment']",200
